Aircraft_Type,Range_in_Km,Avg_speed_in_Kph,No_of_seats,Cost/flight_hr,Total_Hours,Total_cost,Distance_flown,Cost/seat/km
A320,5000,800,150,5000,14875,74375000,11900000,0.041666666666666664
A330,8000,900,250,7500,21834,163755000,19650600,0.03333333333333333
B737,5000,800,150,5100,11816,60261600,9452800,0.0425
B747,10000,900,350,12000,11037,132444000,9933300,0.0380952380952381
Q400,1500,750,90,3500,9476,33166000,7107000,0.05185185185185185
ATR72,1000,650,75,2750,9536,26224000,6198400,0.05641025641025641
